{
    "batchName": "",
    "batchTime": 0,
    "boardConf": "",
    "boardCustom": "",
    "boardName": "",
    "boardOptions": 0,
    "boardRev": "",
    "cameraData": [
        [
            2,
            {
                "cameraType": 1,
                "distortionCoeff": [
                    -0.00550349336117506,
                    0.010187107138335705,
                    -0.011511093005537987,
                    0.002370026195421815,
                    0.0,
                    0.0,
                    0.0,
                    0.0,
                    0.0,
                    0.0,
                    0.0,
                    0.0,
                    0.0,
                    0.0
                ],
                "extrinsics": {
                    "rotationMatrix": [
                        [
                            0.9998169541358948,
                            0.019127150997519493,
                            0.0004626706358976662
                        ],
                        [
                            -0.019127311185002327,
                            0.9998170137405396,
                            0.0003426657058298588
                        ],
                        [
                            -0.0004560317611321807,
                            -0.00035145264700986445,
                            0.9999998211860657
                        ]
                    ],
                    "specTranslation": {
                        "x": -6.519075393676758,
                        "y": 0.21584674715995789,
                        "z": 0.004252283368259668
                    },
                    "toCameraSocket": 1,
                    "translation": {
                        "x": -6.519075393676758,
                        "y": 0.21584674715995789,
                        "z": 0.004252283368259668
                    }
                },
                "height": 1200,
                "intrinsicMatrix": [
                    [
                        613.396484375,
                        0.0,
                        865.1143188476563
                    ],
                    [
                        0.0,
                        612.13525390625,
                        522.9628295898438
                    ],
                    [
                        0.0,
                        0.0,
                        1.0
                    ]
                ],
                "lensPosition": 0,
                "specHfovDeg": 0.0,
                "width": 1920
            }
        ],
        [
            1,
            {
                "cameraType": 1,
                "distortionCoeff": [
                    0.0007732227677479386,
                    -0.00818662904202938,
                    0.002664593979716301,
                    -0.0010734152747318149,
                    0.0,
                    0.0,
                    0.0,
                    0.0,
                    0.0,
                    0.0,
                    0.0,
                    0.0,
                    0.0,
                    0.0
                ],
                "extrinsics": {
                    "rotationMatrix": [
                        [
                            0.9998169541358948,
                            -0.019127311185002327,
                            -0.0004560317611321807
                        ],
                        [
                            0.019127150997519493,
                            0.9998170137405396,
                            -0.00035145264700986445
                        ],
                        [
                            0.0004626706358976662,
                            0.0003426657058298588,
                            0.9999998211860657
                        ]
                    ],
                    "specTranslation": {
                        "x": 6.522012710571289,
                        "y": -0.09111440926790237,
                        "z": -0.0013100611977279186
                    },
                    "toCameraSocket": 2,
                    "translation": {
                        "x": 6.522012710571289,
                        "y": -0.09111440926790237,
                        "z": -0.0013100611977279186
                    }
                },
                "height": 1200,
                "intrinsicMatrix": [
                    [
                        613.5316772460938,
                        0.0,
                        1061.9139404296875
                    ],
                    [
                        0.0,
                        611.7612915039063,
                        590.1260986328125
                    ],
                    [
                        0.0,
                        0.0,
                        1.0
                    ]
                ],
                "lensPosition": 0,
                "specHfovDeg": 0.0,
                "width": 1920
            }
        ]
    ],
    "deviceName": "",
    "hardwareConf": "",
    "housingExtrinsics": {
        "rotationMatrix": [],
        "specTranslation": {
            "x": 0.0,
            "y": 0.0,
            "z": 0.0
        },
        "toCameraSocket": -1,
        "translation": {
            "x": 0.0,
            "y": 0.0,
            "z": 0.0
        }
    },
    "imuExtrinsics": {
        "rotationMatrix": [
            [
                0.0,
                0.0,
                0.0
            ],
            [
                0.0,
                0.0,
                0.0
            ],
            [
                0.0,
                0.0,
                0.0
            ]
        ],
        "specTranslation": {
            "x": 0.0,
            "y": 0.0,
            "z": 0.0
        },
        "toCameraSocket": -1,
        "translation": {
            "x": 0.0,
            "y": 0.0,
            "z": 0.0
        }
    },
    "miscellaneousData": [],
    "productName": "",
    "stereoEnableDistortionCorrection": false,
    "stereoRectificationData": {
        "leftCameraSocket": 2,
        "rectifiedRotationLeft": [
            [
                1.0,
                0.0,
                0.0
            ],
            [
                0.0,
                1.0,
                0.0
            ],
            [
                0.0,
                0.0,
                1.0
            ]
        ],
        "rectifiedRotationRight": [
            [
                0.9998169541358948,
                0.019127150997519493,
                0.0004626706358976662
            ],
            [
                -0.019127311185002327,
                0.9998170137405396,
                0.0003426657058298588
            ],
            [
                -0.0004560317611321807,
                -0.00035145264700986445,
                0.9999998211860657
            ]
        ],
        "rightCameraSocket": 1
    },
    "stereoUseSpecTranslation": true,
    "version": 7,
    "verticalCameraSocket": -1
}
